{"app_id": "com.catchoom.test", "tokens": ["d466a44a86874913"], "last-modified": "1469951620", "name": "AugeBrickzzz", "uuid": "d40733a57fe14a71b86adbf850607cf7", "image_template": "https://crs-beta-catchoom.s3.amazonaws.com/cache/collections/{collection_uuid}/images/{item_uuid}_{image_uuid}_thumb_120.jpe", "items": {"28e1cc79076944a3b2bfe8876c4f2f14": {"name": "desk", "url": "", "custom": "", "content": {"contents_v2": [{"scale": [2.105927732398795, 1.652303612588699, 1], "uuid": "5978FCD5-6095-49F9-A605-69BED7EC5871", "media_uuid": "c0cbaaa1efcf460785b40c05451b3c6d", "rotation_euler": [0, 0, 0], "image_url": "media/c0cbaaa1efcf460785b40c05451b3c6d/desk.png", "alpha": 1, "translation": [12.02397346496582, 0, 0], "type": "image", "rotation_matrix": [1, 0, 0, 0, 0, 1, 0, 0, 0, 0, 1, 0, 0, 0, 0, 1]}], "version": 2}, "images": ["54f67a39164442daaa29ae82f07a4b26"], "trackable": true}, "3a5d966b051744b5a07bb921c6ce944a": {"name": "whitebackground", "url": "", "custom": "", "content": {"contents_v2": [{"scale": [5.029424937610349, 1, 1], "uuid": "619C3C49-FA8F-4796-B771-BE487FF30801", "media_uuid": "e2660271e01d460babd8341d68285e30", "rotation_euler": [2.035405699485789, 0, 0], "image_url": "media/e2660271e01d460babd8341d68285e30/light_grey.jpg", "alpha": 1, "translation": [22.833600873255065, -224.5094352357857, -0.25808415411268015], "type": "image", "rotation_matrix": [1, 0, 0, 0, 0, -0.4480736255645752, 0.8939966559410095, 0, 0, -0.8939966559410095, -0.4480736255645752, 0, 0, 0, 0, 1]}, {"scale": [6.040994182352921, 7.206685446531511, 1], "uuid": "C7684046-2C6D-4DB3-AAB7-EDF3B3F4B45F", "media_uuid": "e2660271e01d460babd8341d68285e30", "rotation_euler": [0, 0, 0], "image_url": "media/e2660271e01d460babd8341d68285e30/light_grey.jpg", "alpha": 1, "translation": [0, 0, 0], "type": "image", "rotation_matrix": [1, 0, 0, 0, 0, 1, 0, 0, 0, 0, 1, 0, 0, 0, 0, 1]}], "version": 2}, "images": ["9bd94c269e4746cba17554b6a2d8101d"], "trackable": true}, "00e580514bb44e449d2d03fb4cd90735": {"name": "whitebackground", "url": "", "custom": "", "content": {"contents_v2": [{"scale": [1, 1, 1], "uuid": "A32DF359-CD12-4BAD-981B-AA4535CF5A55", "media_uuid": "e2660271e01d460babd8341d68285e30", "rotation_euler": [3.141592653589793, 1.1061869541040041, 3.141592653589793], "image_url": "media/e2660271e01d460babd8341d68285e30/light_grey.jpg", "alpha": 1, "translation": [0, 0, -939.008350248908], "type": "image", "rotation_matrix": [-0.4480736255645752, 0, -0.8939966559410095, 0, 0, 1, 0, 0, 0.8939966559410095, 0, -0.4480736255645752, 0, 0, 0, 0, 1]}, {"scale": [1, 63.0376498994192, 1], "uuid": "E1CA9DF0-CD29-42F9-BE33-79684981B57E", "media_uuid": "e2660271e01d460babd8341d68285e30", "rotation_euler": [3.141592653589793, 1.1061869541040041, 3.141592653589793], "image_url": "media/e2660271e01d460babd8341d68285e30/light_grey.jpg", "alpha": 1, "translation": [320.56885821033836, 5.298620225398585, 40.57032168859073], "type": "image", "rotation_matrix": [-0.4480736255645752, 0, -0.8939966559410095, 0, 0, 1, 0, 0, 0.8939966559410095, 0, -0.4480736255645752, 0, 0, 0, 0, 1]}, {"scale": [61.57461241259246, 49.081792758066825, 1], "uuid": "8A129E17-EB52-4E49-8B3A-3F8E3C5E903D", "media_uuid": "e2660271e01d460babd8341d68285e30", "rotation_euler": [0, 0, 0], "image_url": "media/e2660271e01d460babd8341d68285e30/light_grey.jpg", "alpha": 1, "translation": [0, 0, 0], "type": "image", "rotation_matrix": [1, 0, 0, 0, 0, 1, 0, 0, 0, 0, 1, 0, 0, 0, 0, 1]}], "version": 2}, "images": ["3add9ca7aa814a29b0ab1ab24a42eabd"], "trackable": true}, "d9b9eac28cb64cf297abb6ebc4703f29": {"name": "dbz", "url": "", "custom": "", "content": {"contents_v2": [{"scale": [1, 1, 1], "uuid": "A4B8A3DA-224E-40C4-B8B3-092D925342A1", "media_uuid": "2e5602ac42724501919eb0e1875ba2f6", "rotation_euler": [0, 0, 0], "image_url": "media/2e5602ac42724501919eb0e1875ba2f6/images.jpeg", "alpha": 1, "translation": [36.04063647247692, 0, 0], "type": "image", "rotation_matrix": [1, 0, 0, 0, 0, 1, 0, 0, 0, 0, 1, 0, 0, 0, 0, 1]}], "version": 2}, "images": ["e46f7fe404244420987f7be57b5cfaf8"], "trackable": true}, "0dd0c18ae7144a76b91389d2d7048b94": {"name": "video", "url": "", "custom": "", "content": {"contents_v2": [{"scale": [3.0571436784422117, 2.7269525262261705, 1], "uuid": "218F8B22-1C8C-46C9-9923-B3E54677481F", "media_uuid": "9c2fe18c09154a28ae613a2078fb5883", "rotation_euler": [0, 0, 0], "image_url": "media/9c2fe18c09154a28ae613a2078fb5883/sofa1.jpg", "alpha": 1, "translation": [44.492265454176575, 0, 0], "type": "image", "rotation_matrix": [1, 0, 0, 0, 0, 1, 0, 0, 0, 0, 1, 0, 0, 0, 0, 1]}], "version": 2}, "images": ["b9bae7dd382d4b4684fee661aca311d3"], "trackable": true}, "d4ca0be2316e4b6d925705080942999f": {"name": "bed", "url": "", "custom": "", "content": {"contents_v2": [{"scale": [2.691219834794534, 2.580671991817874, 1], "uuid": "0E206F91-6A85-4B2E-A818-4F009DD2458C", "media_uuid": "43f710b36dca493a8586453f4fe79b6e", "rotation_euler": [0, 0, 0], "image_url": "media/43f710b36dca493a8586453f4fe79b6e/bed.png", "alpha": 1, "translation": [0, 0, 0], "type": "image", "rotation_matrix": [1, 0, 0, 0, 0, 1, 0, 0, 0, 0, 1, 0, 0, 0, 0, 1]}], "version": 2}, "images": ["8c4afcf48cb442fb8bdfbd268d03cb74"], "trackable": true}, "cf3e8a10fbbf422a91710556456613c8": {"name": "sofa", "url": "", "custom": "", "content": {"contents_v2": [{"scale": [3.332621700216331, 2.7811140041495293, 1], "uuid": "BD766FEB-EC5C-471E-A8F7-1796EB390C6B", "media_uuid": "9847d44d5ffb45d4b4634cdefe290027", "rotation_euler": [0, 0, 0], "image_url": "media/9847d44d5ffb45d4b4634cdefe290027/sofa.png", "alpha": 1, "translation": [-2.5390197627965136, 0, 0], "type": "image", "rotation_matrix": [1, 0, 0, 0, 0, 1, 0, 0, 0, 0, 1, 0, 0, 0, 0, 1]}], "version": 2}, "images": ["f9f6d605577a453e8e4ee3e9a0aae4d9"], "trackable": true}}, "index_template": "https://48a9ff3c9ed24e9d455d-d632e246998d242b61b7539cab4293fe.ssl.cf5.rackcdn.com/bundles/d40733a57fe14a71b86adbf850607cf7/ARSDK-4/com.catchoom.test/files/{item_uuid}_{image_uuid}.index_s", "sdk_version": "ARSDK-4", "tracking_template": "https://48a9ff3c9ed24e9d455d-d632e246998d242b61b7539cab4293fe.ssl.cf5.rackcdn.com/bundles/d40733a57fe14a71b86adbf850607cf7/ARSDK-4/com.catchoom.test/files/{item_uuid}.ctf", "pubkey": "-----BEGIN PUBLIC KEY-----\nMIIBIjANBgkqhkiG9w0BAQEFAAOCAQ8AMIIBCgKCAQEA02lKzJ7KpRGBx3yuR+wP\ngfwRZ3/aqcm6S3y6Npwfo3pVnB0zveYECcKSvlHyTfJ7Qeffh7oF+USOcgCqvftS\n2X14vF36+s514BtRv1w9hOV6TYVnNwXvl9d039KTk3dYXSgpDUdCh2Td0nSXxtyV\nV/Wfh+KujZJbnOyzyXuH2eYVonIk2/iBYN948piioQXgMoePF2KY4eDYLjajyLHs\n40jot0O7VHyCqhjNp514QZa2zzuGcYG4690HZt5Rc/yjpoi8m3/o54JG6Ix72OIg\n85OpsVKdSG1EN60S6HduUTm4p0rF8UUB6Wm5Vq8LYcD8VqX60cp7h578HcEqlZbh\nbQIDAQAB\n-----END PUBLIC KEY-----"}